{
  "timestamp": "20250715_222635",
  "results": [
    {
      "params": "宽松参数",
      "total_points": 300,
      "success_rate": 0.25666666666666665,
      "avg_rise": 0.039919654793865646,
      "score": 0.44809229771493025
    },
    {
      "params": "中等参数",
      "total_points": 276,
      "success_rate": 0.2572463768115942,
      "avg_rise": 0.04052263313951535,
      "score": 0.45019108782434314
    },
    {
      "params": "严格参数",
      "total_points": 261,
      "success_rate": 0.25287356321839083,
      "avg_rise": 0.040237604396077535,
      "score": 0.447149594797428
    }
  ],
  "summary": "零得分问题诊断结果"
}