{
  "timestamp": "20250715_223342",
  "results": [
    {
      "params": "宽松参数",
      "total_points": 285,
      "success_rate": 0.26666666666666666,
      "avg_rise": 0.0404320966818654,
      "score": 0.45462962337892954
    },
    {
      "params": "中等参数",
      "total_points": 275,
      "success_rate": 0.2581818181818182,
      "avg_rise": 0.04053768387149916,
      "score": 0.4507039607054066
    },
    {
      "params": "严格参数",
      "total_points": 261,
      "success_rate": 0.25287356321839083,
      "avg_rise": 0.040237604396077535,
      "score": 0.447149594797428
    }
  ],
  "summary": "零得分问题诊断结果"
}