{
  "timestamp": "2025-06-26T22:14:33.698000",
  "parameters": {
    "rise_threshold": 0.04,
    "max_days": 20,
    "rsi_oversold_threshold": 25,
    "rsi_low_threshold": 40,
    "final_threshold": 0.44999999999999996,
    "dynamic_confidence_adjustment": 0.27,
    "market_sentiment_weight": 0.22000000000000003,
    "trend_strength_weight": 0.2,
    "volume_weight": 0.16999999999999998,
    "price_momentum_weight": 0.2599999999999999
  },
  "score": 0.28788060883529837
}